model,optimal_threshold,accuracy,precision,recall,f1,f2,roc_auc,accuracy_std,precision_std,recall_std,f1_std,f2_std,roc_auc_std
BERT,0.6499999999999999,0.877250231003886,0.09026016536882953,0.4,0.1458255854546491,0.23362705818609114,0.6787563600522124,0.023237104328476605,0.027573420064756958,0.0632455532033676,0.03736026489955274,0.04637986510541496,0.06818050265010316
Custom Dict,0.44999999999999996,0.6639507360479981,0.04415484898243519,0.6,0.08220771801802719,0.17028911276434205,0.672682410293295,0.029224192969712088,0.005691825626635593,0.10954451150103324,0.010754735929351698,0.02324564275956697,0.0303970262545842
RoBERTa,0.5999999999999999,0.8254686530891233,0.07157696495498969,0.4999999999999999,0.1248774651990852,0.22625432500839343,0.7361754442046938,0.023929596739478694,0.015669043205978617,0.1414213562373095,0.027879700743788118,0.053151097191699366,0.05718358886094877
TextBlob,0.6499999999999999,0.8611748920927053,0.06452380952380952,0.3,0.1048346921895309,0.16969735225302562,0.6845327526039585,0.033508685908686074,0.03205649355851527,0.0894427190999916,0.04654941939150275,0.06321595793079451,0.06943925258105271
VADER,0.6499999999999999,0.8350417072769389,0.05524923419660262,0.32,0.09354636889582461,0.16110906831265553,0.6571437704787021,0.03977454784702928,0.022884333874972122,0.09797958971132713,0.03693519725568995,0.058457894157515955,0.04197457628629
