model,optimal_threshold,accuracy,precision,recall,f1,f2,roc_auc,accuracy_std,precision_std,recall_std,f1_std,f2_std,roc_auc_std
BERT,0.52,0.697150741111097,0.048061453733182706,0.5800000000000001,0.08868821999256782,0.1800614498673032,0.6544391166520153,0.03457333249232951,0.007369808430386792,0.0748331477354788,0.013202148381980996,0.025235333025701415,0.05651151502751268
Custom Dict,0.3,0.43815044998291197,0.03641859040089007,0.8400000000000001,0.06980652212004826,0.15515315488728063,0.626888169636911,0.017989601397713738,0.0035215927689289687,0.10198039027185571,0.006812185418023928,0.015504170791577614,0.058175827995756865
RoBERTa,0.39999999999999997,0.6599344328696379,0.054699541792412945,0.7600000000000001,0.10197791931708351,0.21191971454226954,0.697945470044487,0.04020403515806574,0.012005537202138917,0.14966629547095767,0.022071922423217608,0.044516311312777994,0.07126616172131003
TextBlob,0.5800000000000001,0.791762338139058,0.05746456158220864,0.4600000000000001,0.10202109994018768,0.19097010786846016,0.6463434028610247,0.028062518775624393,0.014554306354405069,0.07999999999999999,0.024837393341118987,0.042836479901290664,0.06760810845481337
VADER,0.54,0.7364479829879877,0.050538908246225325,0.5199999999999999,0.09166801625925006,0.17967123684334993,0.6691552119129439,0.07490896008271734,0.014529314245800758,0.17204650534085256,0.02636018532935271,0.05209187610300849,0.0691796704259496
