model,optimal_threshold,accuracy,precision,recall,f1,f2,roc_auc,accuracy_std,precision_std,recall_std,f1_std,f2_std,roc_auc_std
BERT,0.5500000000000002,0.8113729858359809,0.04809106426388638,0.33999999999999997,0.08417642863026362,0.1532274640819887,0.5164358400596712,0.019114863534358872,0.019008065916126953,0.12000000000000001,0.0327094694133471,0.05773038953312151,0.06731430221629692
Custom Dict,0.3500000000000001,0.061364758300317714,0.024098122453568203,0.9199999999999999,0.04696586929674608,0.10906221445653386,0.47516562774714294,0.00972395456650927,0.00179818965321295,0.07483314773547882,0.0035118553319149824,0.008201552171694331,0.05248624515056561
RoBERTa,0.45000000000000007,0.8435742946470388,0.06153175675963266,0.38,0.10507876881449237,0.18400757638474313,0.5652671887903248,0.03777209729631543,0.02339045838804518,0.17204650534085256,0.04116563632125895,0.07549281422125456,0.1424916111280726
TextBlob,0.45000000000000007,0.07747174157943369,0.02503333340160339,0.9400000000000001,0.048767881278008865,0.11311661237740298,0.4994046191960361,0.006328706502610729,0.0014229745235076051,0.04898979485566354,0.002766058097215496,0.006377759408816317,0.04249388412515631
VADER,0.5000000000000001,0.9340949077883118,0.06837789661319074,0.12,0.08614478114478115,0.10324321971181054,0.5020264924478542,0.010172340535469827,0.028424716614274658,0.04,0.03275565435669465,0.03655182542695306,0.04495160761089128
