model,threshold,train_orig_accuracy,train_orig_precision,train_orig_recall,train_orig_f1,train_orig_true_negatives,train_orig_false_positives,train_orig_false_negatives,train_orig_true_positives,train_balanced_accuracy,train_balanced_precision,train_balanced_recall,train_balanced_f1,train_balanced_true_negatives,train_balanced_false_positives,train_balanced_false_negatives,train_balanced_true_positives,test_accuracy,test_precision,test_recall,test_f1,test_true_negatives,test_false_positives,test_false_negatives,test_true_positives
BERT,0.005,0.8123741644233089,0.055090815442953175,0.4,0.0968433611102506,1276.0,274.4,24.0,16.0,0.59375,0.6570847524646917,0.39,0.4890689796285865,63.8,16.2,48.8,31.2,0.8123729478627395,0.055002791441147614,0.4,0.09670381875935799,319.0,68.6,6.0,4.0
Custom Dict,0.0035,0.9512071439583506,0.056209199195586035,0.06,0.058024797603110856,1510.4,40.0,37.6,2.4,0.5112500000000001,0.6776190476190476,0.045,0.08422234651679436,78.2,1.8,76.4,3.6,0.9512056504183384,0.05076923076923077,0.06000000000000001,0.05478260869565217,377.6,10.0,9.4,0.6
RoBERTa,0.0095,0.9275651166743751,0.08072161648773887,0.18000000000000002,0.11136124048128501,1468.0,82.4,32.8,7.2,0.55,0.770032255326373,0.145,0.24312795123279876,76.4,3.6,68.4,11.6,0.9275609786970115,0.08488567883729174,0.18,0.1142344149425188,367.0,20.6,8.2,1.8
TextBlob,0.003,0.9215291201688744,0.035083089994466576,0.08,0.04876445192234666,1462.4,88.0,36.8,3.2,0.5112500000000001,0.6160606060606061,0.06999999999999999,0.12501038788197533,76.2,3.8,74.4,5.6,0.9215282963938078,0.035093415356573246,0.08,0.04858412512010248,365.6,22.0,9.2,0.8
VADER,0.001,0.908450521605414,0.05403261039163676,0.16,0.0807813024815188,1438.4,112.0,33.6,6.4,0.55375,0.7463903743315508,0.15999999999999998,0.261426116838488,75.8,4.2,67.2,12.8,0.908447780464033,0.053728348959160975,0.16,0.08039517179440157,359.6,28.0,8.4,1.6
