model,best_threshold,train_accuracy,train_precision,train_recall,train_f1,test_accuracy,test_precision,test_recall,test_f1
BERT,0.005,0.60125,0.662571951857666,0.41,0.505485581748729,0.8123729478627395,0.055002791441147614,0.4,0.09670381875935799
Custom Dict,0.0035,0.51,0.5833333333333333,0.0475,0.0871867572025927,0.9512056504183384,0.05076923076923077,0.06000000000000001,0.05478260869565217
RoBERTa,0.009500000000000001,0.5449999999999999,0.6729025974025975,0.17500000000000002,0.27685832154644036,0.9275609786970115,0.08488567883729174,0.18,0.1142344149425188
TextBlob,0.003,0.49750000000000005,0.4755844155844156,0.0625,0.10982665007609982,0.9215282963938078,0.035093415356573246,0.08,0.04858412512010248
VADER,0.001,0.5425,0.7242063492063492,0.14,0.23390174756304,0.908447780464033,0.053728348959160975,0.16,0.08039517179440157
