model,accuracy,precision,recall,f1,f2
BERT,0.8417085427135679,0.09230769230769231,0.6,0.16,0.2857142857142857
Custom Dict,0.9698492462311558,0.0,0.0,0.0,0.0
RoBERTa,0.8944723618090452,0.07894736842105263,0.3,0.125,0.19230769230769232
TextBlob,0.9748743718592965,0.0,0.0,0.0,0.0
VADER,0.9422110552763819,0.0,0.0,0.0,0.0
